DateTime,State,Fuel Type,Supply
31/08/2024 00:00,NSW,Battery,2114.023
31/08/2024 00:00,NSW,Biomass,4223.093
31/08/2024 00:00,NSW,Black coal,666045.131
31/08/2024 00:00,NSW,Gas,5893.868
31/08/2024 00:00,NSW,Hydro,42924.398
31/08/2024 00:00,NSW,Liquid Fuel,0
31/08/2024 00:00,NSW,Solar,136286.021
31/08/2024 00:00,NSW,Wind,211243.965
31/08/2024 00:00,QLD,Battery,2194.786
31/08/2024 00:00,QLD,Biomass,7855.318
31/08/2024 00:00,QLD,Black coal,728198.331
31/08/2024 00:00,QLD,Gas,61060.308
31/08/2024 00:00,QLD,Hydro,28993.808
31/08/2024 00:00,QLD,Liquid Fuel,65.917
31/08/2024 00:00,QLD,Solar,98997.126
31/08/2024 00:00,QLD,Wind,73043.245
31/08/2024 00:00,SA,Battery,2551.618
31/08/2024 00:00,SA,Gas,27895.471
31/08/2024 00:00,SA,Liquid Fuel,253.389
31/08/2024 00:00,SA,Solar,12819.857
31/08/2024 00:00,SA,Wind,179949.672
31/08/2024 00:00,TAS,Gas,0
31/08/2024 00:00,TAS,Hydro,136211.86
31/08/2024 00:00,TAS,Wind,54374.165
31/08/2024 00:00,VIC,Battery,4427.69
31/08/2024 00:00,VIC,Brown coal,559938.712
31/08/2024 00:00,VIC,Gas,1350.74
31/08/2024 00:00,VIC,Hydro,16803.032
31/08/2024 00:00,VIC,Solar,24234.695
31/08/2024 00:00,VIC,Wind,352032.067
07/09/2024 00:00,NSW,Battery,2302.167
07/09/2024 00:00,NSW,Biomass,4414.001
07/09/2024 00:00,NSW,Black coal,730041.365
07/09/2024 00:00,NSW,Gas,21598.256
07/09/2024 00:00,NSW,Hydro,48971.767
07/09/2024 00:00,NSW,Liquid Fuel,1.683
07/09/2024 00:00,NSW,Solar,136493.226
07/09/2024 00:00,NSW,Wind,122937.556
07/09/2024 00:00,QLD,Battery,2133.208
07/09/2024 00:00,QLD,Biomass,8727.679
07/09/2024 00:00,QLD,Black coal,746286.931
07/09/2024 00:00,QLD,Gas,60156.81
07/09/2024 00:00,QLD,Hydro,25383.544
07/09/2024 00:00,QLD,Liquid Fuel,9.777
07/09/2024 00:00,QLD,Solar,115008.977
07/09/2024 00:00,QLD,Wind,59692.548
07/09/2024 00:00,SA,Battery,3491.522
07/09/2024 00:00,SA,Gas,36947.411
07/09/2024 00:00,SA,Liquid Fuel,879.595
07/09/2024 00:00,SA,Solar,18254.029
07/09/2024 00:00,SA,Wind,128840.518
07/09/2024 00:00,TAS,Gas,0
07/09/2024 00:00,TAS,Hydro,179506.433
07/09/2024 00:00,TAS,Wind,50251.018
07/09/2024 00:00,VIC,Battery,5274.891
07/09/2024 00:00,VIC,Brown coal,611683.647
07/09/2024 00:00,VIC,Gas,2870.549
07/09/2024 00:00,VIC,Hydro,30707.931
07/09/2024 00:00,VIC,Solar,30399.932
07/09/2024 00:00,VIC,Wind,266549.465
14/09/2024 00:00,NSW,Battery,1730.077
14/09/2024 00:00,NSW,Biomass,4382.76
14/09/2024 00:00,NSW,Black coal,631726.209
14/09/2024 00:00,NSW,Gas,24910.728
14/09/2024 00:00,NSW,Hydro,48862.348
14/09/2024 00:00,NSW,Liquid Fuel,0
14/09/2024 00:00,NSW,Solar,110160.835
14/09/2024 00:00,NSW,Wind,189093.402
14/09/2024 00:00,QLD,Battery,4508.331
14/09/2024 00:00,QLD,Biomass,8701.579
14/09/2024 00:00,QLD,Black coal,756356.427
14/09/2024 00:00,QLD,Gas,72390.508
14/09/2024 00:00,QLD,Hydro,27377.903
14/09/2024 00:00,QLD,Liquid Fuel,138.916
14/09/2024 00:00,QLD,Solar,95628.415
14/09/2024 00:00,QLD,Wind,52848.499
14/09/2024 00:00,SA,Battery,3229.555
14/09/2024 00:00,SA,Gas,34279.79
14/09/2024 00:00,SA,Liquid Fuel,805.651
14/09/2024 00:00,SA,Solar,19924.659
14/09/2024 00:00,SA,Wind,161353.998
14/09/2024 00:00,TAS,Gas,36.926
14/09/2024 00:00,TAS,Hydro,161137.826
14/09/2024 00:00,TAS,Wind,72257.069
14/09/2024 00:00,VIC,Battery,4608.816
14/09/2024 00:00,VIC,Brown coal,572015.479
14/09/2024 00:00,VIC,Gas,2168.321
14/09/2024 00:00,VIC,Hydro,31141.768
14/09/2024 00:00,VIC,Solar,23848.184
14/09/2024 00:00,VIC,Wind,321531.99
21/09/2024 00:00,NSW,Battery,691.629
21/09/2024 00:00,NSW,Biomass,4525.669
21/09/2024 00:00,NSW,Black coal,746473.938
21/09/2024 00:00,NSW,Gas,17635.192
21/09/2024 00:00,NSW,Hydro,46591.915
21/09/2024 00:00,NSW,Liquid Fuel,0
21/09/2024 00:00,NSW,Solar,53829.46
21/09/2024 00:00,NSW,Wind,173193.92
21/09/2024 00:00,QLD,Battery,2388.296
21/09/2024 00:00,QLD,Biomass,8543.285
21/09/2024 00:00,QLD,Black coal,765658.099
21/09/2024 00:00,QLD,Gas,75502.689
21/09/2024 00:00,QLD,Hydro,30732.769
21/09/2024 00:00,QLD,Liquid Fuel,0
21/09/2024 00:00,QLD,Solar,119292.282
21/09/2024 00:00,QLD,Wind,50199.343
21/09/2024 00:00,SA,Battery,3490.853
21/09/2024 00:00,SA,Gas,44626.963
21/09/2024 00:00,SA,Liquid Fuel,2112.248
21/09/2024 00:00,SA,Solar,17970.319
21/09/2024 00:00,SA,Wind,136685.594
21/09/2024 00:00,TAS,Gas,1320.665
21/09/2024 00:00,TAS,Hydro,175985.297
21/09/2024 00:00,TAS,Wind,43141.454
21/09/2024 00:00,VIC,Battery,4767.007
21/09/2024 00:00,VIC,Brown coal,584122.543
21/09/2024 00:00,VIC,Gas,7676.29
21/09/2024 00:00,VIC,Hydro,55796.737
21/09/2024 00:00,VIC,Solar,29265.995
21/09/2024 00:00,VIC,Wind,196798.783
28/09/2024 00:00,NSW,Battery,2091.334
28/09/2024 00:00,NSW,Biomass,3618.955
28/09/2024 00:00,NSW,Black coal,703299.286
28/09/2024 00:00,NSW,Gas,5260.198
28/09/2024 00:00,NSW,Hydro,46431.627
28/09/2024 00:00,NSW,Liquid Fuel,1.683
28/09/2024 00:00,NSW,Solar,141867.29
28/09/2024 00:00,NSW,Wind,130785.832
28/09/2024 00:00,QLD,Battery,3098.105
28/09/2024 00:00,QLD,Biomass,8583.316
28/09/2024 00:00,QLD,Black coal,684908.747
28/09/2024 00:00,QLD,Gas,55716.941
28/09/2024 00:00,QLD,Hydro,32470.147
28/09/2024 00:00,QLD,Liquid Fuel,91.834
28/09/2024 00:00,QLD,Solar,132931.729
28/09/2024 00:00,QLD,Wind,64567.007
28/09/2024 00:00,SA,Battery,3286.117
28/09/2024 00:00,SA,Gas,31013.033
28/09/2024 00:00,SA,Liquid Fuel,99.425
28/09/2024 00:00,SA,Solar,17188.353
28/09/2024 00:00,SA,Wind,146903.958
28/09/2024 00:00,TAS,Gas,545.823
28/09/2024 00:00,TAS,Hydro,150176.171
28/09/2024 00:00,TAS,Wind,49355.437
28/09/2024 00:00,VIC,Battery,5290.819
28/09/2024 00:00,VIC,Brown coal,489917.957
28/09/2024 00:00,VIC,Gas,2129.992
28/09/2024 00:00,VIC,Hydro,44393.81
28/09/2024 00:00,VIC,Solar,35545.469
28/09/2024 00:00,VIC,Wind,273347.563
05/10/2024 00:00,NSW,Battery,2690.943
05/10/2024 00:00,NSW,Biomass,3578.446
05/10/2024 00:00,NSW,Black coal,685352.622
05/10/2024 00:00,NSW,Gas,3950.977
05/10/2024 00:00,NSW,Hydro,44691.55
05/10/2024 00:00,NSW,Liquid Fuel,2.85
05/10/2024 00:00,NSW,Solar,153527.536
05/10/2024 00:00,NSW,Wind,171501.176
05/10/2024 00:00,QLD,Battery,2542.639
05/10/2024 00:00,QLD,Biomass,9245.107
05/10/2024 00:00,QLD,Black coal,708531.511
05/10/2024 00:00,QLD,Gas,69859.77
05/10/2024 00:00,QLD,Hydro,31405.848
05/10/2024 00:00,QLD,Liquid Fuel,133.582
05/10/2024 00:00,QLD,Solar,116614.345
05/10/2024 00:00,QLD,Wind,51508.367
05/10/2024 00:00,SA,Battery,2346.421
05/10/2024 00:00,SA,Gas,24085.504
05/10/2024 00:00,SA,Liquid Fuel,321.29
05/10/2024 00:00,SA,Solar,12304.259
05/10/2024 00:00,SA,Wind,129874.554
05/10/2024 00:00,TAS,Gas,373.315
05/10/2024 00:00,TAS,Hydro,157370.346
05/10/2024 00:00,TAS,Wind,48749.917
05/10/2024 00:00,VIC,Battery,5871.76
05/10/2024 00:00,VIC,Brown coal,478503.203
05/10/2024 00:00,VIC,Gas,2004.991
05/10/2024 00:00,VIC,Hydro,50497.242
05/10/2024 00:00,VIC,Solar,43531.226
05/10/2024 00:00,VIC,Wind,255556.398
12/10/2024 00:00,NSW,Battery,2001.051
12/10/2024 00:00,NSW,Biomass,3808.455
12/10/2024 00:00,NSW,Black coal,766293.799
12/10/2024 00:00,NSW,Gas,7489.932
12/10/2024 00:00,NSW,Hydro,59996.535
12/10/2024 00:00,NSW,Liquid Fuel,2.875
12/10/2024 00:00,NSW,Solar,109276.413
12/10/2024 00:00,NSW,Wind,117363.742
12/10/2024 00:00,QLD,Battery,2579.048
12/10/2024 00:00,QLD,Biomass,5937.669
12/10/2024 00:00,QLD,Black coal,740797.751
12/10/2024 00:00,QLD,Gas,62369.694
12/10/2024 00:00,QLD,Hydro,31504.826
12/10/2024 00:00,QLD,Liquid Fuel,0
12/10/2024 00:00,QLD,Solar,113182.863
12/10/2024 00:00,QLD,Wind,74666.534
12/10/2024 00:00,SA,Battery,2864.089
12/10/2024 00:00,SA,Gas,23854.242
12/10/2024 00:00,SA,Liquid Fuel,359.068
12/10/2024 00:00,SA,Solar,14015.924
12/10/2024 00:00,SA,Wind,135823.816
12/10/2024 00:00,TAS,Gas,516.843
12/10/2024 00:00,TAS,Hydro,148584.509
12/10/2024 00:00,TAS,Wind,39929.866
12/10/2024 00:00,VIC,Battery,4961.837
12/10/2024 00:00,VIC,Brown coal,445673.774
12/10/2024 00:00,VIC,Gas,2531.075
12/10/2024 00:00,VIC,Hydro,48143.906
12/10/2024 00:00,VIC,Solar,32737.645
12/10/2024 00:00,VIC,Wind,283106.883
19/10/2024 00:00,NSW,Battery,1639.743
19/10/2024 00:00,NSW,Biomass,4373.6
19/10/2024 00:00,NSW,Black coal,678916.421
19/10/2024 00:00,NSW,Gas,10688.358
19/10/2024 00:00,NSW,Hydro,72651.006
19/10/2024 00:00,NSW,Liquid Fuel,5.058
19/10/2024 00:00,NSW,Solar,168920.055
19/10/2024 00:00,NSW,Wind,75842.053
19/10/2024 00:00,QLD,Battery,5325.387
19/10/2024 00:00,QLD,Biomass,9403.464
19/10/2024 00:00,QLD,Black coal,735005.121
19/10/2024 00:00,QLD,Gas,67942.858
19/10/2024 00:00,QLD,Hydro,31487.732
19/10/2024 00:00,QLD,Liquid Fuel,672.399
19/10/2024 00:00,QLD,Solar,148080.214
19/10/2024 00:00,QLD,Wind,43694.853
19/10/2024 00:00,SA,Battery,2945.076
19/10/2024 00:00,SA,Gas,37686.683
19/10/2024 00:00,SA,Liquid Fuel,811.268
19/10/2024 00:00,SA,Solar,14575.217
19/10/2024 00:00,SA,Wind,91892.411
19/10/2024 00:00,TAS,Gas,867.924
19/10/2024 00:00,TAS,Hydro,143776.211
19/10/2024 00:00,TAS,Wind,30349.95
19/10/2024 00:00,VIC,Battery,6630.557
19/10/2024 00:00,VIC,Brown coal,502853.467
19/10/2024 00:00,VIC,Gas,4899.05
19/10/2024 00:00,VIC,Hydro,46254.715
19/10/2024 00:00,VIC,Solar,40612.167
19/10/2024 00:00,VIC,Wind,161764.212
26/10/2024 00:00,NSW,Battery,2755.151
26/10/2024 00:00,NSW,Biomass,4255.849
26/10/2024 00:00,NSW,Black coal,696703.508
26/10/2024 00:00,NSW,Gas,8725.854
26/10/2024 00:00,NSW,Hydro,51031.286
26/10/2024 00:00,NSW,Liquid Fuel,1.692
26/10/2024 00:00,NSW,Solar,175266.614
26/10/2024 00:00,NSW,Wind,95551.382
26/10/2024 00:00,QLD,Battery,4720.422
26/10/2024 00:00,QLD,Biomass,7436.429
26/10/2024 00:00,QLD,Black coal,737929.135
26/10/2024 00:00,QLD,Gas,62406.018
26/10/2024 00:00,QLD,Hydro,30268.704
26/10/2024 00:00,QLD,Liquid Fuel,84.833
26/10/2024 00:00,QLD,Solar,129343.434
26/10/2024 00:00,QLD,Wind,64574.128
26/10/2024 00:00,SA,Battery,3622.298
26/10/2024 00:00,SA,Gas,35743.003
26/10/2024 00:00,SA,Liquid Fuel,40.394
26/10/2024 00:00,SA,Solar,13931.387
26/10/2024 00:00,SA,Wind,107728.197
26/10/2024 00:00,TAS,Gas,1300.367
26/10/2024 00:00,TAS,Hydro,125476.163
26/10/2024 00:00,TAS,Wind,48474.207
26/10/2024 00:00,VIC,Battery,4914.947
26/10/2024 00:00,VIC,Brown coal,504844.285
26/10/2024 00:00,VIC,Gas,3132.402
26/10/2024 00:00,VIC,Hydro,48615.417
26/10/2024 00:00,VIC,Solar,41909.957
26/10/2024 00:00,VIC,Wind,164220.959
02/11/2024 00:00,NSW,Battery,2977.65
02/11/2024 00:00,NSW,Biomass,3750.428
02/11/2024 00:00,NSW,Black coal,727066.159
02/11/2024 00:00,NSW,Gas,14673.851
02/11/2024 00:00,NSW,Hydro,84109.967
02/11/2024 00:00,NSW,Liquid Fuel,94.308
02/11/2024 00:00,NSW,Solar,153150.236
02/11/2024 00:00,NSW,Wind,148767.033
02/11/2024 00:00,QLD,Battery,5220.588
02/11/2024 00:00,QLD,Biomass,8257.667
02/11/2024 00:00,QLD,Black coal,759474.059
02/11/2024 00:00,QLD,Gas,103231.493
02/11/2024 00:00,QLD,Hydro,28034.577
02/11/2024 00:00,QLD,Liquid Fuel,3097.833
02/11/2024 00:00,QLD,Solar,154416.271
02/11/2024 00:00,QLD,Wind,60751.944
02/11/2024 00:00,SA,Battery,3289.955
02/11/2024 00:00,SA,Gas,40755.234
02/11/2024 00:00,SA,Liquid Fuel,249.93
02/11/2024 00:00,SA,Solar,16561.943
02/11/2024 00:00,SA,Wind,108480.583
02/11/2024 00:00,TAS,Gas,33.939
02/11/2024 00:00,TAS,Hydro,109655.252
02/11/2024 00:00,TAS,Wind,46463.326
02/11/2024 00:00,VIC,Battery,3906.292
02/11/2024 00:00,VIC,Brown coal,492955.731
02/11/2024 00:00,VIC,Gas,3417.931
02/11/2024 00:00,VIC,Hydro,54175.54
02/11/2024 00:00,VIC,Solar,40400.3
02/11/2024 00:00,VIC,Wind,199990.547
09/11/2024 00:00,NSW,Battery,3171.412
09/11/2024 00:00,NSW,Biomass,3404.515
09/11/2024 00:00,NSW,Black coal,776779.618
09/11/2024 00:00,NSW,Gas,24579.849
09/11/2024 00:00,NSW,Hydro,94747.955
09/11/2024 00:00,NSW,Liquid Fuel,5.05
09/11/2024 00:00,NSW,Solar,172956.599
09/11/2024 00:00,NSW,Wind,114618.489
09/11/2024 00:00,QLD,Battery,4850.734
09/11/2024 00:00,QLD,Biomass,8993.93
09/11/2024 00:00,QLD,Black coal,770166.414
09/11/2024 00:00,QLD,Gas,107887.203
09/11/2024 00:00,QLD,Hydro,26975.785
09/11/2024 00:00,QLD,Liquid Fuel,929.595
09/11/2024 00:00,QLD,Solar,144803.889
09/11/2024 00:00,QLD,Wind,56836.806
09/11/2024 00:00,SA,Battery,3892.827
09/11/2024 00:00,SA,Gas,44335.062
09/11/2024 00:00,SA,Liquid Fuel,307.248
09/11/2024 00:00,SA,Solar,19410.089
09/11/2024 00:00,SA,Wind,102595.322
09/11/2024 00:00,TAS,Gas,1706.533
09/11/2024 00:00,TAS,Hydro,123267.328
09/11/2024 00:00,TAS,Wind,25971.053
09/11/2024 00:00,VIC,Battery,3851.115
09/11/2024 00:00,VIC,Brown coal,507491.185
09/11/2024 00:00,VIC,Gas,10077.968
09/11/2024 00:00,VIC,Hydro,71897.888
09/11/2024 00:00,VIC,Solar,38946.792
09/11/2024 00:00,VIC,Wind,154134.611
16/11/2024 00:00,NSW,Battery,2798.878
16/11/2024 00:00,NSW,Biomass,2765.938
16/11/2024 00:00,NSW,Black coal,711638.828
16/11/2024 00:00,NSW,Gas,21197.711
16/11/2024 00:00,NSW,Hydro,81679.379
16/11/2024 00:00,NSW,Liquid Fuel,22.275
16/11/2024 00:00,NSW,Solar,193221.334
16/11/2024 00:00,NSW,Wind,126375.415
16/11/2024 00:00,QLD,Battery,5162.492
16/11/2024 00:00,QLD,Biomass,7909.25
16/11/2024 00:00,QLD,Black coal,715911.817
16/11/2024 00:00,QLD,Gas,115511.158
16/11/2024 00:00,QLD,Hydro,24148.119
16/11/2024 00:00,QLD,Liquid Fuel,640.419
16/11/2024 00:00,QLD,Solar,110322.633
16/11/2024 00:00,QLD,Wind,76868.889
16/11/2024 00:00,SA,Battery,3805.434
16/11/2024 00:00,SA,Gas,49655.253
16/11/2024 00:00,SA,Liquid Fuel,311.919
16/11/2024 00:00,SA,Solar,19144.572
16/11/2024 00:00,SA,Wind,126652.026
16/11/2024 00:00,TAS,Gas,157.211
16/11/2024 00:00,TAS,Hydro,105725.432
16/11/2024 00:00,TAS,Wind,33302.871
16/11/2024 00:00,VIC,Battery,4315.632
16/11/2024 00:00,VIC,Brown coal,543593.982
16/11/2024 00:00,VIC,Gas,19596.984
16/11/2024 00:00,VIC,Hydro,65253.359
16/11/2024 00:00,VIC,Solar,45030.094
16/11/2024 00:00,VIC,Wind,203530.735
23/11/2024 00:00,NSW,Battery,2819.952
23/11/2024 00:00,NSW,Biomass,4030.891
23/11/2024 00:00,NSW,Black coal,806159.26
23/11/2024 00:00,NSW,Gas,41613.337
23/11/2024 00:00,NSW,Hydro,101354.161
23/11/2024 00:00,NSW,Liquid Fuel,32.892
23/11/2024 00:00,NSW,Solar,150451.994
23/11/2024 00:00,NSW,Wind,131227.102
23/11/2024 00:00,QLD,Battery,5102.212
23/11/2024 00:00,QLD,Biomass,7832.167
23/11/2024 00:00,QLD,Black coal,816382.967
23/11/2024 00:00,QLD,Gas,131329.608
23/11/2024 00:00,QLD,Hydro,19286.658
23/11/2024 00:00,QLD,Liquid Fuel,2798.805
23/11/2024 00:00,QLD,Solar,141331.603
23/11/2024 00:00,QLD,Wind,59406.77
23/11/2024 00:00,SA,Battery,3617.546
23/11/2024 00:00,SA,Gas,90791.455
23/11/2024 00:00,SA,Liquid Fuel,240.981
23/11/2024 00:00,SA,Solar,22156.508
23/11/2024 00:00,SA,Wind,99226.415
23/11/2024 00:00,TAS,Gas,271.381
23/11/2024 00:00,TAS,Hydro,159589.579
23/11/2024 00:00,TAS,Wind,25396.954
23/11/2024 00:00,VIC,Battery,3091.056
23/11/2024 00:00,VIC,Brown coal,567730.93
23/11/2024 00:00,VIC,Gas,36462.486
23/11/2024 00:00,VIC,Hydro,74283.937
23/11/2024 00:00,VIC,Solar,33466.961
23/11/2024 00:00,VIC,Wind,132234.866
30/11/2024 00:00,NSW,Battery,2837.153
30/11/2024 00:00,NSW,Biomass,3389.168
30/11/2024 00:00,NSW,Black coal,923892.607
30/11/2024 00:00,NSW,Gas,39836.288
30/11/2024 00:00,NSW,Hydro,52219.12
30/11/2024 00:00,NSW,Liquid Fuel,48.225
30/11/2024 00:00,NSW,Solar,182560.55
30/11/2024 00:00,NSW,Wind,112675.12
30/11/2024 00:00,QLD,Battery,5040.166
30/11/2024 00:00,QLD,Biomass,6757.867
30/11/2024 00:00,QLD,Black coal,861589.003
30/11/2024 00:00,QLD,Gas,125345.342
30/11/2024 00:00,QLD,Hydro,25676.352
30/11/2024 00:00,QLD,Liquid Fuel,1821.832
30/11/2024 00:00,QLD,Solar,142187.221
30/11/2024 00:00,QLD,Wind,41289.157
30/11/2024 00:00,SA,Battery,2987.395
30/11/2024 00:00,SA,Gas,72384.568
30/11/2024 00:00,SA,Liquid Fuel,846.737
30/11/2024 00:00,SA,Solar,23366.937
30/11/2024 00:00,SA,Wind,110905.982
30/11/2024 00:00,TAS,Gas,160.914
30/11/2024 00:00,TAS,Hydro,131497.709
30/11/2024 00:00,TAS,Wind,32996.149
30/11/2024 00:00,VIC,Battery,3730.552
30/11/2024 00:00,VIC,Brown coal,502340.857
30/11/2024 00:00,VIC,Gas,32580.452
30/11/2024 00:00,VIC,Hydro,59426.175
30/11/2024 00:00,VIC,Solar,43932.608
30/11/2024 00:00,VIC,Wind,215396.78
07/12/2024 00:00,NSW,Battery,2384.606
07/12/2024 00:00,NSW,Biomass,3581.907
07/12/2024 00:00,NSW,Black coal,884463.111
07/12/2024 00:00,NSW,Gas,40753.954
07/12/2024 00:00,NSW,Hydro,49178.013
07/12/2024 00:00,NSW,Liquid Fuel,46.025
07/12/2024 00:00,NSW,Solar,220693.143
07/12/2024 00:00,NSW,Wind,79192.367
07/12/2024 00:00,QLD,Battery,4543.628
07/12/2024 00:00,QLD,Biomass,6586.292
07/12/2024 00:00,QLD,Black coal,803425.499
07/12/2024 00:00,QLD,Gas,153282.533
07/12/2024 00:00,QLD,Hydro,27758.237
07/12/2024 00:00,QLD,Liquid Fuel,6810.726
07/12/2024 00:00,QLD,Solar,147488.52
07/12/2024 00:00,QLD,Wind,35641.169
07/12/2024 00:00,SA,Battery,3842.451
07/12/2024 00:00,SA,Gas,62004.503
07/12/2024 00:00,SA,Liquid Fuel,163.865
07/12/2024 00:00,SA,Solar,26962.489
07/12/2024 00:00,SA,Wind,87276.38
07/12/2024 00:00,TAS,Gas,737.821
07/12/2024 00:00,TAS,Hydro,136089.261
07/12/2024 00:00,TAS,Wind,52878.098
07/12/2024 00:00,VIC,Battery,4203.115
07/12/2024 00:00,VIC,Brown coal,487946.703
07/12/2024 00:00,VIC,Gas,13895.152
07/12/2024 00:00,VIC,Hydro,55348.623
07/12/2024 00:00,VIC,Solar,48414.31
07/12/2024 00:00,VIC,Wind,125800.158
14/12/2024 00:00,NSW,Battery,3107.813
14/12/2024 00:00,NSW,Biomass,2410.322
14/12/2024 00:00,NSW,Black coal,834639.446
14/12/2024 00:00,NSW,Gas,30864.208
14/12/2024 00:00,NSW,Hydro,43233.352
14/12/2024 00:00,NSW,Liquid Fuel,1.875
14/12/2024 00:00,NSW,Solar,238501.927
14/12/2024 00:00,NSW,Wind,143163.41
14/12/2024 00:00,QLD,Battery,4916.559
14/12/2024 00:00,QLD,Biomass,5221.033
14/12/2024 00:00,QLD,Black coal,777182.917
14/12/2024 00:00,QLD,Gas,117784.233
14/12/2024 00:00,QLD,Hydro,29527.852
14/12/2024 00:00,QLD,Liquid Fuel,3533.384
14/12/2024 00:00,QLD,Solar,129245.164
14/12/2024 00:00,QLD,Wind,49827.391
14/12/2024 00:00,SA,Battery,3711.895
14/12/2024 00:00,SA,Gas,39516.471
14/12/2024 00:00,SA,Liquid Fuel,321.507
14/12/2024 00:00,SA,Solar,20886.596
14/12/2024 00:00,SA,Wind,145708.586
14/12/2024 00:00,TAS,Gas,1005.141
14/12/2024 00:00,TAS,Hydro,112228.9
14/12/2024 00:00,TAS,Wind,30726.86
14/12/2024 00:00,VIC,Battery,4368.913
14/12/2024 00:00,VIC,Brown coal,540367.326
14/12/2024 00:00,VIC,Gas,17226.675
14/12/2024 00:00,VIC,Hydro,36736.779
14/12/2024 00:00,VIC,Solar,51545.733
14/12/2024 00:00,VIC,Wind,238046.076
21/12/2024 00:00,NSW,Battery,2587.76
21/12/2024 00:00,NSW,Biomass,1835.779
21/12/2024 00:00,NSW,Black coal,695730.598
21/12/2024 00:00,NSW,Gas,7275.948
21/12/2024 00:00,NSW,Hydro,36389.462
21/12/2024 00:00,NSW,Liquid Fuel,0
21/12/2024 00:00,NSW,Solar,197843.333
21/12/2024 00:00,NSW,Wind,152855.386
21/12/2024 00:00,QLD,Battery,4663.607
21/12/2024 00:00,QLD,Biomass,1523.925
21/12/2024 00:00,QLD,Black coal,772015.92
21/12/2024 00:00,QLD,Gas,66805.13
21/12/2024 00:00,QLD,Hydro,35511.054
21/12/2024 00:00,QLD,Liquid Fuel,0
21/12/2024 00:00,QLD,Solar,145036.104
21/12/2024 00:00,QLD,Wind,42627.788
21/12/2024 00:00,SA,Battery,2814.308
21/12/2024 00:00,SA,Gas,18690.494
21/12/2024 00:00,SA,Liquid Fuel,129.405
21/12/2024 00:00,SA,Solar,12064.456
21/12/2024 00:00,SA,Wind,135338.822
21/12/2024 00:00,TAS,Gas,0
21/12/2024 00:00,TAS,Hydro,81947.825
21/12/2024 00:00,TAS,Wind,45418.409
21/12/2024 00:00,VIC,Battery,5766.939
21/12/2024 00:00,VIC,Brown coal,486181.909
21/12/2024 00:00,VIC,Gas,2248.206
21/12/2024 00:00,VIC,Hydro,13985.367
21/12/2024 00:00,VIC,Solar,43981.499
21/12/2024 00:00,VIC,Wind,229939.562
28/12/2024 00:00,NSW,Battery,2342.621
28/12/2024 00:00,NSW,Biomass,4247.739
28/12/2024 00:00,NSW,Black coal,787591.367
28/12/2024 00:00,NSW,Gas,7151.584
28/12/2024 00:00,NSW,Hydro,25020.433
28/12/2024 00:00,NSW,Liquid Fuel,3.367
28/12/2024 00:00,NSW,Solar,223664.128
28/12/2024 00:00,NSW,Wind,123165.963
28/12/2024 00:00,QLD,Battery,4254.902
28/12/2024 00:00,QLD,Biomass,4330.683
28/12/2024 00:00,QLD,Black coal,829300.403
28/12/2024 00:00,QLD,Gas,55336.79
28/12/2024 00:00,QLD,Hydro,29829.356
28/12/2024 00:00,QLD,Liquid Fuel,0
28/12/2024 00:00,QLD,Solar,141308.065
28/12/2024 00:00,QLD,Wind,44065.957
28/12/2024 00:00,SA,Battery,3226.389
28/12/2024 00:00,SA,Gas,33055.169
28/12/2024 00:00,SA,Liquid Fuel,335.854
28/12/2024 00:00,SA,Solar,17857.654
28/12/2024 00:00,SA,Wind,87016.298
28/12/2024 00:00,TAS,Gas,306.715
28/12/2024 00:00,TAS,Hydro,108415.436
28/12/2024 00:00,TAS,Wind,25502.579
28/12/2024 00:00,VIC,Battery,5547.436
28/12/2024 00:00,VIC,Brown coal,519214.187
28/12/2024 00:00,VIC,Gas,7008.137
28/12/2024 00:00,VIC,Hydro,34974.176
28/12/2024 00:00,VIC,Solar,46901.454
28/12/2024 00:00,VIC,Wind,142657.13
04/01/2025 00:00,NSW,Battery,2436.377
04/01/2025 00:00,NSW,Biomass,5427.068
04/01/2025 00:00,NSW,Black coal,835526.807
04/01/2025 00:00,NSW,Gas,11747.54
04/01/2025 00:00,NSW,Hydro,19144.041
04/01/2025 00:00,NSW,Liquid Fuel,0
04/01/2025 00:00,NSW,Solar,186049.307
04/01/2025 00:00,NSW,Wind,166039.429
04/01/2025 00:00,QLD,Battery,4341.49
04/01/2025 00:00,QLD,Biomass,4471.9
04/01/2025 00:00,QLD,Black coal,833696.74
04/01/2025 00:00,QLD,Gas,66417.286
04/01/2025 00:00,QLD,Hydro,26454.609
04/01/2025 00:00,QLD,Liquid Fuel,0
04/01/2025 00:00,QLD,Solar,144556.597
04/01/2025 00:00,QLD,Wind,50781.391
04/01/2025 00:00,SA,Battery,3566.28
04/01/2025 00:00,SA,Gas,49453.932
04/01/2025 00:00,SA,Liquid Fuel,130.191
04/01/2025 00:00,SA,Solar,27424.639
04/01/2025 00:00,SA,Wind,123280.752
04/01/2025 00:00,TAS,Gas,721.182
04/01/2025 00:00,TAS,Hydro,114258.199
04/01/2025 00:00,TAS,Wind,29261.841
04/01/2025 00:00,VIC,Battery,4914.656
04/01/2025 00:00,VIC,Brown coal,539985.042
04/01/2025 00:00,VIC,Gas,12531.016
04/01/2025 00:00,VIC,Hydro,51573.712
04/01/2025 00:00,VIC,Solar,47399.336
04/01/2025 00:00,VIC,Wind,217335.036
11/01/2025 00:00,NSW,Battery,1437.074
11/01/2025 00:00,NSW,Biomass,1042.656
11/01/2025 00:00,NSW,Black coal,859373.263
11/01/2025 00:00,NSW,Gas,25581.958
11/01/2025 00:00,NSW,Hydro,40828.352
11/01/2025 00:00,NSW,Liquid Fuel,44.533
11/01/2025 00:00,NSW,Solar,206388.302
11/01/2025 00:00,NSW,Wind,153752.776
11/01/2025 00:00,QLD,Battery,4901.429
11/01/2025 00:00,QLD,Biomass,3692.917
11/01/2025 00:00,QLD,Black coal,852164.723
11/01/2025 00:00,QLD,Gas,86986.562
11/01/2025 00:00,QLD,Hydro,30055.906
11/01/2025 00:00,QLD,Liquid Fuel,1204.817
11/01/2025 00:00,QLD,Solar,160914.401
11/01/2025 00:00,QLD,Wind,43018.289
11/01/2025 00:00,SA,Battery,3529.239
11/01/2025 00:00,SA,Gas,53108.08
11/01/2025 00:00,SA,Liquid Fuel,39.042
11/01/2025 00:00,SA,Solar,25629.42
11/01/2025 00:00,SA,Wind,114428.57
11/01/2025 00:00,TAS,Gas,748.457
11/01/2025 00:00,TAS,Hydro,90032.715
11/01/2025 00:00,TAS,Wind,28859.276
11/01/2025 00:00,VIC,Battery,5689.786
11/01/2025 00:00,VIC,Brown coal,524377.779
11/01/2025 00:00,VIC,Gas,9333.775
11/01/2025 00:00,VIC,Hydro,37738.47
11/01/2025 00:00,VIC,Solar,56106.659
11/01/2025 00:00,VIC,Wind,211826.14
18/01/2025 00:00,NSW,Battery,2097.622
18/01/2025 00:00,NSW,Biomass,3213.5
18/01/2025 00:00,NSW,Black coal,842841.206
18/01/2025 00:00,NSW,Gas,26703.104
18/01/2025 00:00,NSW,Hydro,37559.566
18/01/2025 00:00,NSW,Liquid Fuel,13.117
18/01/2025 00:00,NSW,Solar,214414.427
18/01/2025 00:00,NSW,Wind,122199.924
18/01/2025 00:00,QLD,Battery,4493.006
18/01/2025 00:00,QLD,Biomass,0
18/01/2025 00:00,QLD,Black coal,864100.381
18/01/2025 00:00,QLD,Gas,93679.962
18/01/2025 00:00,QLD,Hydro,26127.559
18/01/2025 00:00,QLD,Liquid Fuel,2855.642
18/01/2025 00:00,QLD,Solar,149774.837
18/01/2025 00:00,QLD,Wind,57715.605
18/01/2025 00:00,SA,Battery,4019.639
18/01/2025 00:00,SA,Gas,48234.99
18/01/2025 00:00,SA,Liquid Fuel,580.075
18/01/2025 00:00,SA,Solar,20827.213
18/01/2025 00:00,SA,Wind,110685.403
18/01/2025 00:00,TAS,Gas,1077.506
18/01/2025 00:00,TAS,Hydro,90552.912
18/01/2025 00:00,TAS,Wind,25660.003
18/01/2025 00:00,VIC,Battery,5556.638
18/01/2025 00:00,VIC,Brown coal,610290.609
18/01/2025 00:00,VIC,Gas,8095.016
18/01/2025 00:00,VIC,Hydro,43257.532
18/01/2025 00:00,VIC,Solar,56473.779
18/01/2025 00:00,VIC,Wind,185520.412
25/01/2025 00:00,NSW,Battery,3298.175
25/01/2025 00:00,NSW,Biomass,3623.475
25/01/2025 00:00,NSW,Black coal,835097.685
25/01/2025 00:00,NSW,Gas,17432.343
25/01/2025 00:00,NSW,Hydro,34331.576
25/01/2025 00:00,NSW,Liquid Fuel,0.583
25/01/2025 00:00,NSW,Solar,224400.594
25/01/2025 00:00,NSW,Wind,194644.582
25/01/2025 00:00,QLD,Battery,4135.675
25/01/2025 00:00,QLD,Biomass,40.65
25/01/2025 00:00,QLD,Black coal,859671.453
25/01/2025 00:00,QLD,Gas,81519.387
25/01/2025 00:00,QLD,Hydro,27525.275
25/01/2025 00:00,QLD,Liquid Fuel,0
25/01/2025 00:00,QLD,Solar,147012.056
25/01/2025 00:00,QLD,Wind,63676.006
25/01/2025 00:00,SA,Battery,3498.183
25/01/2025 00:00,SA,Gas,25169.175
25/01/2025 00:00,SA,Liquid Fuel,632.874
25/01/2025 00:00,SA,Solar,15768.076
25/01/2025 00:00,SA,Wind,144142.286
25/01/2025 00:00,TAS,Gas,359.003
25/01/2025 00:00,TAS,Hydro,79773.374
25/01/2025 00:00,TAS,Wind,27086.663
25/01/2025 00:00,VIC,Battery,5876.553
25/01/2025 00:00,VIC,Brown coal,581882.271
25/01/2025 00:00,VIC,Gas,5960.658
25/01/2025 00:00,VIC,Hydro,31802.623
25/01/2025 00:00,VIC,Solar,61037.582
25/01/2025 00:00,VIC,Wind,232547.649
01/02/2025 00:00,NSW,Battery,2959.831
01/02/2025 00:00,NSW,Biomass,2698.447
01/02/2025 00:00,NSW,Black coal,863178.933
01/02/2025 00:00,NSW,Gas,41897.274
01/02/2025 00:00,NSW,Hydro,64363.824
01/02/2025 00:00,NSW,Liquid Fuel,15.267
01/02/2025 00:00,NSW,Solar,212234.365
01/02/2025 00:00,NSW,Wind,111662.751
01/02/2025 00:00,QLD,Battery,4082.659
01/02/2025 00:00,QLD,Biomass,2933.017
01/02/2025 00:00,QLD,Black coal,899767.659
01/02/2025 00:00,QLD,Gas,125366.586
01/02/2025 00:00,QLD,Hydro,24583.899
01/02/2025 00:00,QLD,Liquid Fuel,1070.061
01/02/2025 00:00,QLD,Solar,106859.82
01/02/2025 00:00,QLD,Wind,52494.175
01/02/2025 00:00,SA,Battery,4238.716
01/02/2025 00:00,SA,Gas,66370.911
01/02/2025 00:00,SA,Liquid Fuel,1505.93
01/02/2025 00:00,SA,Solar,26620.815
01/02/2025 00:00,SA,Wind,133281.928
01/02/2025 00:00,TAS,Gas,2838.81
01/02/2025 00:00,TAS,Hydro,98767.138
01/02/2025 00:00,TAS,Wind,32652.007
01/02/2025 00:00,VIC,Battery,5959.055
01/02/2025 00:00,VIC,Brown coal,619773.219
01/02/2025 00:00,VIC,Gas,40376.177
01/02/2025 00:00,VIC,Hydro,56072.058
01/02/2025 00:00,VIC,Solar,59637.863
01/02/2025 00:00,VIC,Wind,271339.184
08/02/2025 00:00,NSW,Battery,2396.57
08/02/2025 00:00,NSW,Biomass,2949.224
08/02/2025 00:00,NSW,Black coal,889882.365
08/02/2025 00:00,NSW,Gas,21901.383
08/02/2025 00:00,NSW,Hydro,44037.621
08/02/2025 00:00,NSW,Liquid Fuel,2.333
08/02/2025 00:00,NSW,Solar,184621.227
08/02/2025 00:00,NSW,Wind,136724.367
08/02/2025 00:00,QLD,Battery,4249.35
08/02/2025 00:00,QLD,Biomass,0
08/02/2025 00:00,QLD,Black coal,902330.986
08/02/2025 00:00,QLD,Gas,87647.252
08/02/2025 00:00,QLD,Hydro,25413.071
08/02/2025 00:00,QLD,Liquid Fuel,0
08/02/2025 00:00,QLD,Solar,137354.591
08/02/2025 00:00,QLD,Wind,56570.516
08/02/2025 00:00,SA,Battery,4528.711
08/02/2025 00:00,SA,Gas,46437.572
08/02/2025 00:00,SA,Liquid Fuel,773.068
08/02/2025 00:00,SA,Solar,18752.912
08/02/2025 00:00,SA,Wind,152887.437
08/02/2025 00:00,TAS,Gas,832.475
08/02/2025 00:00,TAS,Hydro,80431.851
08/02/2025 00:00,TAS,Wind,41255.709
08/02/2025 00:00,VIC,Battery,4760.219
08/02/2025 00:00,VIC,Brown coal,513614.458
08/02/2025 00:00,VIC,Gas,16250.561
08/02/2025 00:00,VIC,Hydro,42014.348
08/02/2025 00:00,VIC,Solar,59872.777
08/02/2025 00:00,VIC,Wind,334542.101
15/02/2025 00:00,NSW,Battery,2548.084
15/02/2025 00:00,NSW,Biomass,3802.663
15/02/2025 00:00,NSW,Black coal,773615.339
15/02/2025 00:00,NSW,Gas,7979.425
15/02/2025 00:00,NSW,Hydro,31217.075
15/02/2025 00:00,NSW,Liquid Fuel,0
15/02/2025 00:00,NSW,Solar,208723.136
15/02/2025 00:00,NSW,Wind,118599.931
15/02/2025 00:00,QLD,Battery,3807.118
15/02/2025 00:00,QLD,Biomass,0
15/02/2025 00:00,QLD,Black coal,824401.284
15/02/2025 00:00,QLD,Gas,64209.097
15/02/2025 00:00,QLD,Hydro,31830.886
15/02/2025 00:00,QLD,Liquid Fuel,0
15/02/2025 00:00,QLD,Solar,143557.965
15/02/2025 00:00,QLD,Wind,78880.456
15/02/2025 00:00,SA,Battery,4522.511
15/02/2025 00:00,SA,Gas,29978.228
15/02/2025 00:00,SA,Liquid Fuel,489.372
15/02/2025 00:00,SA,Solar,14369.872
15/02/2025 00:00,SA,Wind,125233.245
15/02/2025 00:00,TAS,Gas,611.828
15/02/2025 00:00,TAS,Hydro,98645.37
15/02/2025 00:00,TAS,Wind,24596.878
15/02/2025 00:00,VIC,Battery,5963.843
15/02/2025 00:00,VIC,Brown coal,518978.797
15/02/2025 00:00,VIC,Gas,7033.237
15/02/2025 00:00,VIC,Hydro,44246.391
15/02/2025 00:00,VIC,Solar,66161.459
15/02/2025 00:00,VIC,Wind,227417.753
22/02/2025 00:00,NSW,Battery,2519.054
22/02/2025 00:00,NSW,Biomass,4342.431
22/02/2025 00:00,NSW,Black coal,902480.453
22/02/2025 00:00,NSW,Gas,18238.031
22/02/2025 00:00,NSW,Hydro,37187.505
22/02/2025 00:00,NSW,Liquid Fuel,0
22/02/2025 00:00,NSW,Solar,209470.436
22/02/2025 00:00,NSW,Wind,122734.143
22/02/2025 00:00,QLD,Battery,4891.832
22/02/2025 00:00,QLD,Biomass,0
22/02/2025 00:00,QLD,Black coal,842465.315
22/02/2025 00:00,QLD,Gas,85815.057
22/02/2025 00:00,QLD,Hydro,29961.723
22/02/2025 00:00,QLD,Liquid Fuel,0
22/02/2025 00:00,QLD,Solar,173224.648
22/02/2025 00:00,QLD,Wind,74007.442
22/02/2025 00:00,SA,Battery,3877.641
22/02/2025 00:00,SA,Gas,62332.331
22/02/2025 00:00,SA,Liquid Fuel,898.008
22/02/2025 00:00,SA,Solar,24135.159
22/02/2025 00:00,SA,Wind,93147.05
22/02/2025 00:00,TAS,Gas,1437.662
22/02/2025 00:00,TAS,Hydro,104413.68
22/02/2025 00:00,TAS,Wind,37201.948
22/02/2025 00:00,VIC,Battery,5776.528
22/02/2025 00:00,VIC,Brown coal,574487.542
22/02/2025 00:00,VIC,Gas,8845.417
22/02/2025 00:00,VIC,Hydro,64170.608
22/02/2025 00:00,VIC,Solar,64646.109
22/02/2025 00:00,VIC,Wind,183864.83
01/03/2025 00:00,NSW,Battery,2795.553
01/03/2025 00:00,NSW,Biomass,3398.856
01/03/2025 00:00,NSW,Black coal,744566.074
01/03/2025 00:00,NSW,Gas,7925.056
01/03/2025 00:00,NSW,Hydro,37828.302
01/03/2025 00:00,NSW,Liquid Fuel,5.6
01/03/2025 00:00,NSW,Solar,213912.524
01/03/2025 00:00,NSW,Wind,237044.129
01/03/2025 00:00,QLD,Battery,4462.195
01/03/2025 00:00,QLD,Biomass,279.992
01/03/2025 00:00,QLD,Black coal,852837.518
01/03/2025 00:00,QLD,Gas,75302.271
01/03/2025 00:00,QLD,Hydro,27167.16
01/03/2025 00:00,QLD,Liquid Fuel,0
01/03/2025 00:00,QLD,Solar,154156.491
01/03/2025 00:00,QLD,Wind,63114.286
01/03/2025 00:00,SA,Battery,4363.258
01/03/2025 00:00,SA,Gas,31600.908
01/03/2025 00:00,SA,Liquid Fuel,102.002
01/03/2025 00:00,SA,Solar,15829.275
01/03/2025 00:00,SA,Wind,145511.028
01/03/2025 00:00,TAS,Gas,2952.271
01/03/2025 00:00,TAS,Hydro,91622.589
01/03/2025 00:00,TAS,Wind,26210.137
01/03/2025 00:00,VIC,Battery,5593.168
01/03/2025 00:00,VIC,Brown coal,601756.716
01/03/2025 00:00,VIC,Gas,2958.671
01/03/2025 00:00,VIC,Hydro,28647.597
01/03/2025 00:00,VIC,Solar,65044.572
01/03/2025 00:00,VIC,Wind,233480.84
08/03/2025 00:00,NSW,Battery,3192.765
08/03/2025 00:00,NSW,Biomass,3615.395
08/03/2025 00:00,NSW,Black coal,926309.803
08/03/2025 00:00,NSW,Gas,19787.211
08/03/2025 00:00,NSW,Hydro,51771.022
08/03/2025 00:00,NSW,Liquid Fuel,8.383
08/03/2025 00:00,NSW,Solar,179036.893
08/03/2025 00:00,NSW,Wind,122016.135
08/03/2025 00:00,QLD,Battery,4272.783
08/03/2025 00:00,QLD,Biomass,315.225
08/03/2025 00:00,QLD,Black coal,894147.782
08/03/2025 00:00,QLD,Gas,69086.428
08/03/2025 00:00,QLD,Hydro,26436.908
08/03/2025 00:00,QLD,Liquid Fuel,0
08/03/2025 00:00,QLD,Solar,119479.907
08/03/2025 00:00,QLD,Wind,81474.018
08/03/2025 00:00,SA,Battery,4235.341
08/03/2025 00:00,SA,Gas,84468.235
08/03/2025 00:00,SA,Liquid Fuel,1464.776
08/03/2025 00:00,SA,Solar,28564.568
08/03/2025 00:00,SA,Wind,96821.894
08/03/2025 00:00,TAS,Gas,1890.836
08/03/2025 00:00,TAS,Hydro,117699.05
08/03/2025 00:00,TAS,Wind,29678.938
08/03/2025 00:00,VIC,Battery,5421.271
08/03/2025 00:00,VIC,Brown coal,733740.784
08/03/2025 00:00,VIC,Gas,23020.461
08/03/2025 00:00,VIC,Hydro,60435.169
08/03/2025 00:00,VIC,Solar,59967.871
08/03/2025 00:00,VIC,Wind,172265.687
15/03/2025 00:00,NSW,Battery,2869.309
15/03/2025 00:00,NSW,Biomass,3727.293
15/03/2025 00:00,NSW,Black coal,898385.594
15/03/2025 00:00,NSW,Gas,15732.529
15/03/2025 00:00,NSW,Hydro,38322.163
15/03/2025 00:00,NSW,Liquid Fuel,1.7
15/03/2025 00:00,NSW,Solar,140842.464
15/03/2025 00:00,NSW,Wind,139836.726
15/03/2025 00:00,QLD,Battery,4714.945
15/03/2025 00:00,QLD,Biomass,1457.283
15/03/2025 00:00,QLD,Black coal,905028.547
15/03/2025 00:00,QLD,Gas,76899.297
15/03/2025 00:00,QLD,Hydro,27551.284
15/03/2025 00:00,QLD,Liquid Fuel,0
15/03/2025 00:00,QLD,Solar,114704.527
15/03/2025 00:00,QLD,Wind,60581.136
15/03/2025 00:00,SA,Battery,5907.259
15/03/2025 00:00,SA,Gas,50773.309
15/03/2025 00:00,SA,Liquid Fuel,213.159
15/03/2025 00:00,SA,Solar,18355.161
15/03/2025 00:00,SA,Wind,106109.358
15/03/2025 00:00,TAS,Gas,978.731
15/03/2025 00:00,TAS,Hydro,110038.759
15/03/2025 00:00,TAS,Wind,31997.326
15/03/2025 00:00,VIC,Battery,5328.273
15/03/2025 00:00,VIC,Brown coal,606594.552
15/03/2025 00:00,VIC,Gas,12384.362
15/03/2025 00:00,VIC,Hydro,58411.889
15/03/2025 00:00,VIC,Solar,39553.873
15/03/2025 00:00,VIC,Wind,188936.947
22/03/2025 00:00,NSW,Battery,2170.603
22/03/2025 00:00,NSW,Biomass,1187.599
22/03/2025 00:00,NSW,Black coal,956643.077
22/03/2025 00:00,NSW,Gas,7110.834
22/03/2025 00:00,NSW,Hydro,11495.918
22/03/2025 00:00,NSW,Liquid Fuel,3.233
22/03/2025 00:00,NSW,Solar,103450.513
22/03/2025 00:00,NSW,Wind,174605.165
22/03/2025 00:00,QLD,Battery,4369.751
22/03/2025 00:00,QLD,Biomass,1532.683
22/03/2025 00:00,QLD,Black coal,945672.926
22/03/2025 00:00,QLD,Gas,57973.02
22/03/2025 00:00,QLD,Hydro,19546.08
22/03/2025 00:00,QLD,Liquid Fuel,10.483
22/03/2025 00:00,QLD,Solar,58306.553
22/03/2025 00:00,QLD,Wind,88192.727
22/03/2025 00:00,SA,Battery,3195.242
22/03/2025 00:00,SA,Gas,35043.791
22/03/2025 00:00,SA,Liquid Fuel,24.322
22/03/2025 00:00,SA,Solar,19111.121
22/03/2025 00:00,SA,Wind,164929.035
22/03/2025 00:00,TAS,Gas,2101.72
22/03/2025 00:00,TAS,Hydro,115039.798
22/03/2025 00:00,TAS,Wind,13734.832
22/03/2025 00:00,VIC,Battery,4475.236
22/03/2025 00:00,VIC,Brown coal,568873.221
22/03/2025 00:00,VIC,Gas,3051.885
22/03/2025 00:00,VIC,Hydro,61577.194
22/03/2025 00:00,VIC,Solar,47595.371
22/03/2025 00:00,VIC,Wind,187571.23
29/03/2025 00:00,NSW,Battery,3732.798
29/03/2025 00:00,NSW,Biomass,1236.433
29/03/2025 00:00,NSW,Black coal,780953.197
29/03/2025 00:00,NSW,Gas,25944.587
29/03/2025 00:00,NSW,Hydro,29725.994
29/03/2025 00:00,NSW,Liquid Fuel,0.208
29/03/2025 00:00,NSW,Solar,139097.346
29/03/2025 00:00,NSW,Wind,130624.444
29/03/2025 00:00,QLD,Battery,7598.604
29/03/2025 00:00,QLD,Biomass,0
29/03/2025 00:00,QLD,Black coal,900248.574
29/03/2025 00:00,QLD,Gas,72638.46
29/03/2025 00:00,QLD,Hydro,21815.399
29/03/2025 00:00,QLD,Liquid Fuel,0
29/03/2025 00:00,QLD,Solar,91779.12
29/03/2025 00:00,QLD,Wind,50655.52
29/03/2025 00:00,SA,Battery,5163.929
29/03/2025 00:00,SA,Gas,32600.643
29/03/2025 00:00,SA,Liquid Fuel,280.042
29/03/2025 00:00,SA,Solar,18267.007
29/03/2025 00:00,SA,Wind,116906.412
29/03/2025 00:00,TAS,Gas,2486.197
29/03/2025 00:00,TAS,Hydro,111480.254
29/03/2025 00:00,TAS,Wind,27213.993
29/03/2025 00:00,VIC,Battery,6434.684
29/03/2025 00:00,VIC,Brown coal,533858.198
29/03/2025 00:00,VIC,Gas,1326.429
29/03/2025 00:00,VIC,Hydro,46510.357
29/03/2025 00:00,VIC,Solar,43417.66
29/03/2025 00:00,VIC,Wind,275968.77
05/04/2025 00:00,NSW,Battery,3758.965
05/04/2025 00:00,NSW,Biomass,582.022
05/04/2025 00:00,NSW,Black coal,689474.671
05/04/2025 00:00,NSW,Gas,60579.06
05/04/2025 00:00,NSW,Hydro,46238.05
05/04/2025 00:00,NSW,Liquid Fuel,52.408
05/04/2025 00:00,NSW,Solar,151413.515
05/04/2025 00:00,NSW,Wind,118860.488
05/04/2025 00:00,QLD,Battery,8343.074
05/04/2025 00:00,QLD,Biomass,0.592
05/04/2025 00:00,QLD,Black coal,808288.178
05/04/2025 00:00,QLD,Gas,70542.568
05/04/2025 00:00,QLD,Hydro,29576.681
05/04/2025 00:00,QLD,Liquid Fuel,0
05/04/2025 00:00,QLD,Solar,139522.78
05/04/2025 00:00,QLD,Wind,85990.776
05/04/2025 00:00,SA,Battery,5227.324
05/04/2025 00:00,SA,Gas,71129.307
05/04/2025 00:00,SA,Liquid Fuel,1298.153
05/04/2025 00:00,SA,Solar,20687.554
05/04/2025 00:00,SA,Wind,78425.716
05/04/2025 00:00,TAS,Gas,909.356
05/04/2025 00:00,TAS,Hydro,124640.701
05/04/2025 00:00,TAS,Wind,33896.395
05/04/2025 00:00,VIC,Battery,6104.895
05/04/2025 00:00,VIC,Brown coal,624566.393
05/04/2025 00:00,VIC,Gas,5271.596
05/04/2025 00:00,VIC,Hydro,64230.946
05/04/2025 00:00,VIC,Solar,39272.798
05/04/2025 00:00,VIC,Wind,139012.681
12/04/2025 00:00,NSW,Battery,4240.296
12/04/2025 00:00,NSW,Biomass,1157.231
12/04/2025 00:00,NSW,Black coal,639407.663
12/04/2025 00:00,NSW,Gas,51452.292
12/04/2025 00:00,NSW,Hydro,55885.002
12/04/2025 00:00,NSW,Liquid Fuel,0
12/04/2025 00:00,NSW,Solar,157713.341
12/04/2025 00:00,NSW,Wind,87425.745
12/04/2025 00:00,QLD,Battery,6087.928
12/04/2025 00:00,QLD,Biomass,0
12/04/2025 00:00,QLD,Black coal,793038.863
12/04/2025 00:00,QLD,Gas,62689.743
12/04/2025 00:00,QLD,Hydro,29367.279
12/04/2025 00:00,QLD,Liquid Fuel,0
12/04/2025 00:00,QLD,Solar,133577.679
12/04/2025 00:00,QLD,Wind,68398.414
12/04/2025 00:00,SA,Battery,5303.941
12/04/2025 00:00,SA,Gas,73267.803
12/04/2025 00:00,SA,Liquid Fuel,885.679
12/04/2025 00:00,SA,Solar,17364.122
12/04/2025 00:00,SA,Wind,84972.391
12/04/2025 00:00,TAS,Gas,3508.646
12/04/2025 00:00,TAS,Hydro,124129.524
12/04/2025 00:00,TAS,Wind,27830.47
12/04/2025 00:00,VIC,Battery,6457.596
12/04/2025 00:00,VIC,Brown coal,670086.24
12/04/2025 00:00,VIC,Gas,12165.846
12/04/2025 00:00,VIC,Hydro,43127.54
12/04/2025 00:00,VIC,Solar,42864.2
12/04/2025 00:00,VIC,Wind,193394.933
19/04/2025 00:00,NSW,Battery,3347.581
19/04/2025 00:00,NSW,Biomass,3334.207
19/04/2025 00:00,NSW,Black coal,729739.898
19/04/2025 00:00,NSW,Gas,34850.562
19/04/2025 00:00,NSW,Hydro,34276.639
19/04/2025 00:00,NSW,Liquid Fuel,0
19/04/2025 00:00,NSW,Solar,129217.882
19/04/2025 00:00,NSW,Wind,148452.317
19/04/2025 00:00,QLD,Battery,5396.573
19/04/2025 00:00,QLD,Biomass,0
19/04/2025 00:00,QLD,Black coal,779385.38
19/04/2025 00:00,QLD,Gas,49582.711
19/04/2025 00:00,QLD,Hydro,27890.357
19/04/2025 00:00,QLD,Liquid Fuel,0
19/04/2025 00:00,QLD,Solar,123787.798
19/04/2025 00:00,QLD,Wind,47489.317
19/04/2025 00:00,SA,Battery,4865.72
19/04/2025 00:00,SA,Gas,39617.034
19/04/2025 00:00,SA,Liquid Fuel,157.034
19/04/2025 00:00,SA,Solar,15459.879
19/04/2025 00:00,SA,Wind,119468.46
19/04/2025 00:00,TAS,Gas,2555.688
19/04/2025 00:00,TAS,Hydro,100763.214
19/04/2025 00:00,TAS,Wind,17620.31
19/04/2025 00:00,VIC,Battery,5839.981
19/04/2025 00:00,VIC,Brown coal,631112.573
19/04/2025 00:00,VIC,Gas,46.167
19/04/2025 00:00,VIC,Hydro,34456.628
19/04/2025 00:00,VIC,Solar,34316.764
19/04/2025 00:00,VIC,Wind,235045.952
26/04/2025 00:00,NSW,Battery,3433.838
26/04/2025 00:00,NSW,Biomass,1754.488
26/04/2025 00:00,NSW,Black coal,852423.905
26/04/2025 00:00,NSW,Gas,28684.737
26/04/2025 00:00,NSW,Hydro,39545.242
26/04/2025 00:00,NSW,Liquid Fuel,0
26/04/2025 00:00,NSW,Solar,138343.787
26/04/2025 00:00,NSW,Wind,118330.568
26/04/2025 00:00,QLD,Battery,6162.75
26/04/2025 00:00,QLD,Biomass,0
26/04/2025 00:00,QLD,Black coal,782778.921
26/04/2025 00:00,QLD,Gas,64965.972
26/04/2025 00:00,QLD,Hydro,29156.382
26/04/2025 00:00,QLD,Liquid Fuel,0
26/04/2025 00:00,QLD,Solar,125865.257
26/04/2025 00:00,QLD,Wind,74340.193
26/04/2025 00:00,SA,Battery,5756.154
26/04/2025 00:00,SA,Gas,58349.211
26/04/2025 00:00,SA,Liquid Fuel,775.052
26/04/2025 00:00,SA,Solar,20082.167
26/04/2025 00:00,SA,Wind,104381.951
26/04/2025 00:00,TAS,Gas,2512.695
26/04/2025 00:00,TAS,Hydro,126737.873
26/04/2025 00:00,TAS,Wind,17215.405
26/04/2025 00:00,VIC,Battery,6723.105
26/04/2025 00:00,VIC,Brown coal,648642.794
26/04/2025 00:00,VIC,Gas,5968.377
26/04/2025 00:00,VIC,Hydro,52390.172
26/04/2025 00:00,VIC,Solar,44587.875
26/04/2025 00:00,VIC,Wind,177084.573
03/05/2025 00:00,NSW,Battery,4383.71
03/05/2025 00:00,NSW,Biomass,2139.404
03/05/2025 00:00,NSW,Black coal,804382.019
03/05/2025 00:00,NSW,Gas,28195.65
03/05/2025 00:00,NSW,Hydro,33120.307
03/05/2025 00:00,NSW,Liquid Fuel,0
03/05/2025 00:00,NSW,Solar,151482.816
03/05/2025 00:00,NSW,Wind,138731.003
03/05/2025 00:00,QLD,Battery,6561.432
03/05/2025 00:00,QLD,Biomass,0
03/05/2025 00:00,QLD,Black coal,749350.893
03/05/2025 00:00,QLD,Gas,53367.04
03/05/2025 00:00,QLD,Hydro,34149.466
03/05/2025 00:00,QLD,Liquid Fuel,189.475
03/05/2025 00:00,QLD,Solar,111684.254
03/05/2025 00:00,QLD,Wind,111820.262
03/05/2025 00:00,SA,Battery,4872.835
03/05/2025 00:00,SA,Gas,40160.948
03/05/2025 00:00,SA,Liquid Fuel,17.294
03/05/2025 00:00,SA,Solar,13783.878
03/05/2025 00:00,SA,Wind,153402.299
03/05/2025 00:00,TAS,Gas,3656.889
03/05/2025 00:00,TAS,Hydro,72360.529
03/05/2025 00:00,TAS,Wind,59264.833
03/05/2025 00:00,VIC,Battery,6364.395
03/05/2025 00:00,VIC,Brown coal,538589.745
03/05/2025 00:00,VIC,Gas,4409.411
03/05/2025 00:00,VIC,Hydro,40747.998
03/05/2025 00:00,VIC,Solar,38139.997
03/05/2025 00:00,VIC,Wind,303576.898
10/05/2025 00:00,NSW,Battery,5473.268
10/05/2025 00:00,NSW,Biomass,1993.245
10/05/2025 00:00,NSW,Black coal,845572.024
10/05/2025 00:00,NSW,Gas,67498.741
10/05/2025 00:00,NSW,Hydro,84908.562
10/05/2025 00:00,NSW,Liquid Fuel,1.683
10/05/2025 00:00,NSW,Solar,123187.438
10/05/2025 00:00,NSW,Wind,79322.596
10/05/2025 00:00,QLD,Battery,6430.266
10/05/2025 00:00,QLD,Biomass,0
10/05/2025 00:00,QLD,Black coal,830945.183
10/05/2025 00:00,QLD,Gas,103479.13
10/05/2025 00:00,QLD,Hydro,37223.855
10/05/2025 00:00,QLD,Liquid Fuel,171
10/05/2025 00:00,QLD,Solar,92457.92
10/05/2025 00:00,QLD,Wind,64588.173
10/05/2025 00:00,SA,Battery,6008.828
10/05/2025 00:00,SA,Gas,106082.931
10/05/2025 00:00,SA,Liquid Fuel,241.426
10/05/2025 00:00,SA,Solar,20086.149
10/05/2025 00:00,SA,Wind,47569.11
10/05/2025 00:00,TAS,Gas,4702.15
10/05/2025 00:00,TAS,Hydro,127053.788
10/05/2025 00:00,TAS,Wind,27041.232
10/05/2025 00:00,VIC,Battery,9520.107
10/05/2025 00:00,VIC,Brown coal,713474.367
10/05/2025 00:00,VIC,Gas,27184.262
10/05/2025 00:00,VIC,Hydro,82875.739
10/05/2025 00:00,VIC,Solar,37270.05
10/05/2025 00:00,VIC,Wind,101237.444
17/05/2025 00:00,NSW,Battery,5248.548
17/05/2025 00:00,NSW,Biomass,2174.652
17/05/2025 00:00,NSW,Black coal,910639.073
17/05/2025 00:00,NSW,Gas,39223.382
17/05/2025 00:00,NSW,Hydro,71549.472
17/05/2025 00:00,NSW,Liquid Fuel,13.25
17/05/2025 00:00,NSW,Solar,96119.346
17/05/2025 00:00,NSW,Wind,208190.897
17/05/2025 00:00,QLD,Battery,6702.077
17/05/2025 00:00,QLD,Biomass,147.058
17/05/2025 00:00,QLD,Black coal,782547.665
17/05/2025 00:00,QLD,Gas,72883.328
17/05/2025 00:00,QLD,Hydro,36328.29
17/05/2025 00:00,QLD,Liquid Fuel,0
17/05/2025 00:00,QLD,Solar,120020.88
17/05/2025 00:00,QLD,Wind,49395.122
17/05/2025 00:00,SA,Battery,5891.787
17/05/2025 00:00,SA,Gas,92359.91
17/05/2025 00:00,SA,Liquid Fuel,1339.269
17/05/2025 00:00,SA,Solar,20024.722
17/05/2025 00:00,SA,Wind,116227.545
17/05/2025 00:00,TAS,Gas,3325.173
17/05/2025 00:00,TAS,Hydro,149769.267
17/05/2025 00:00,TAS,Wind,19462.923
17/05/2025 00:00,VIC,Battery,8233.685
17/05/2025 00:00,VIC,Brown coal,685445.786
17/05/2025 00:00,VIC,Gas,51340.386
17/05/2025 00:00,VIC,Hydro,91496.4
17/05/2025 00:00,VIC,Solar,29324.225
17/05/2025 00:00,VIC,Wind,152135.355
24/05/2025 00:00,NSW,Battery,3281.025
24/05/2025 00:00,NSW,Biomass,2552.487
24/05/2025 00:00,NSW,Black coal,907533.133
24/05/2025 00:00,NSW,Gas,36007.94
24/05/2025 00:00,NSW,Hydro,80714.277
24/05/2025 00:00,NSW,Liquid Fuel,155.85
24/05/2025 00:00,NSW,Solar,88571.447
24/05/2025 00:00,NSW,Wind,156123.165
24/05/2025 00:00,QLD,Battery,5533.197
24/05/2025 00:00,QLD,Biomass,1312.983
24/05/2025 00:00,QLD,Black coal,794650.287
24/05/2025 00:00,QLD,Gas,102271.813
24/05/2025 00:00,QLD,Hydro,30943.625
24/05/2025 00:00,QLD,Liquid Fuel,835.015
24/05/2025 00:00,QLD,Solar,76951.006
24/05/2025 00:00,QLD,Wind,75492.714
24/05/2025 00:00,SA,Battery,6556.917
24/05/2025 00:00,SA,Gas,64078.248
24/05/2025 00:00,SA,Liquid Fuel,196.119
24/05/2025 00:00,SA,Solar,13104.332
24/05/2025 00:00,SA,Wind,161607.147
24/05/2025 00:00,TAS,Gas,3339.464
24/05/2025 00:00,TAS,Hydro,114815.241
24/05/2025 00:00,TAS,Wind,33742.449
24/05/2025 00:00,VIC,Battery,8971.621
24/05/2025 00:00,VIC,Brown coal,636058.898
24/05/2025 00:00,VIC,Gas,13606.732
24/05/2025 00:00,VIC,Hydro,59113.252
24/05/2025 00:00,VIC,Solar,26717.815
24/05/2025 00:00,VIC,Wind,306477.628
31/05/2025 00:00,NSW,Battery,1869.822
31/05/2025 00:00,NSW,Biomass,1249.137
31/05/2025 00:00,NSW,Black coal,952157.219
31/05/2025 00:00,NSW,Gas,56260.82
31/05/2025 00:00,NSW,Hydro,69206.987
31/05/2025 00:00,NSW,Liquid Fuel,4.633
31/05/2025 00:00,NSW,Solar,73078.049
31/05/2025 00:00,NSW,Wind,121869.651
31/05/2025 00:00,QLD,Battery,7160.895
31/05/2025 00:00,QLD,Biomass,4370.45
31/05/2025 00:00,QLD,Black coal,865775.999
31/05/2025 00:00,QLD,Gas,75409.561
31/05/2025 00:00,QLD,Hydro,32973.59
31/05/2025 00:00,QLD,Liquid Fuel,132.497
31/05/2025 00:00,QLD,Solar,110759.013
31/05/2025 00:00,QLD,Wind,78588.159
31/05/2025 00:00,SA,Battery,8121.893
31/05/2025 00:00,SA,Gas,71112.892
31/05/2025 00:00,SA,Liquid Fuel,331
31/05/2025 00:00,SA,Solar,12773.373
31/05/2025 00:00,SA,Wind,201122.297
31/05/2025 00:00,TAS,Gas,2462.196
31/05/2025 00:00,TAS,Hydro,133455.302
31/05/2025 00:00,TAS,Wind,32062.475
31/05/2025 00:00,VIC,Battery,11230.515
31/05/2025 00:00,VIC,Brown coal,628214.932
31/05/2025 00:00,VIC,Gas,48779.713
31/05/2025 00:00,VIC,Hydro,71476.287
31/05/2025 00:00,VIC,Solar,22836.253
31/05/2025 00:00,VIC,Wind,314153.44
07/06/2025 00:00,NSW,Battery,6607.487
07/06/2025 00:00,NSW,Biomass,2440.487
07/06/2025 00:00,NSW,Black coal,1013476.585
07/06/2025 00:00,NSW,Gas,66958.015
07/06/2025 00:00,NSW,Hydro,91773.451
07/06/2025 00:00,NSW,Liquid Fuel,1.675
07/06/2025 00:00,NSW,Solar,81230.436
07/06/2025 00:00,NSW,Wind,165993.639
07/06/2025 00:00,QLD,Battery,7810.503
07/06/2025 00:00,QLD,Biomass,6515.883
07/06/2025 00:00,QLD,Black coal,865437.256
07/06/2025 00:00,QLD,Gas,105468.704
07/06/2025 00:00,QLD,Hydro,27167.575
07/06/2025 00:00,QLD,Liquid Fuel,0
07/06/2025 00:00,QLD,Solar,112391.916
07/06/2025 00:00,QLD,Wind,86984.697
07/06/2025 00:00,SA,Battery,8656.941
07/06/2025 00:00,SA,Gas,127514.901
07/06/2025 00:00,SA,Liquid Fuel,3470.48
07/06/2025 00:00,SA,Solar,12982.511
07/06/2025 00:00,SA,Wind,140353.366
07/06/2025 00:00,TAS,Gas,5258.497
07/06/2025 00:00,TAS,Hydro,180168.888
07/06/2025 00:00,TAS,Wind,16640.348
07/06/2025 00:00,VIC,Battery,12158.788
07/06/2025 00:00,VIC,Brown coal,602695.388
07/06/2025 00:00,VIC,Gas,118030.938
07/06/2025 00:00,VIC,Hydro,91572.52
07/06/2025 00:00,VIC,Solar,25058.824
07/06/2025 00:00,VIC,Wind,182197.734
14/06/2025 00:00,NSW,Battery,8784.101
14/06/2025 00:00,NSW,Biomass,2479.969
14/06/2025 00:00,NSW,Black coal,1068160.402
14/06/2025 00:00,NSW,Gas,83468.202
14/06/2025 00:00,NSW,Hydro,84001.46
14/06/2025 00:00,NSW,Liquid Fuel,0
14/06/2025 00:00,NSW,Solar,126318.404
14/06/2025 00:00,NSW,Wind,80436.374
14/06/2025 00:00,QLD,Battery,9976.089
14/06/2025 00:00,QLD,Biomass,4271.333
14/06/2025 00:00,QLD,Black coal,928706.833
14/06/2025 00:00,QLD,Gas,93683.541
14/06/2025 00:00,QLD,Hydro,26298.514
14/06/2025 00:00,QLD,Liquid Fuel,0
14/06/2025 00:00,QLD,Solar,97109.345
14/06/2025 00:00,QLD,Wind,76185.117
14/06/2025 00:00,SA,Battery,9040.695
14/06/2025 00:00,SA,Gas,104752.893
14/06/2025 00:00,SA,Liquid Fuel,1460.627
14/06/2025 00:00,SA,Solar,15128.868
14/06/2025 00:00,SA,Wind,125351.363
14/06/2025 00:00,TAS,Gas,3547.841
14/06/2025 00:00,TAS,Hydro,149531.275
14/06/2025 00:00,TAS,Wind,39922.369
14/06/2025 00:00,VIC,Battery,13302.288
14/06/2025 00:00,VIC,Brown coal,635683.771
14/06/2025 00:00,VIC,Gas,80543.561
14/06/2025 00:00,VIC,Hydro,60756.21
14/06/2025 00:00,VIC,Solar,25883.855
14/06/2025 00:00,VIC,Wind,325912.313
21/06/2025 00:00,NSW,Battery,6196.603
21/06/2025 00:00,NSW,Biomass,3550.2
21/06/2025 00:00,NSW,Black coal,962103.153
21/06/2025 00:00,NSW,Gas,57627.67
21/06/2025 00:00,NSW,Hydro,58167.57
21/06/2025 00:00,NSW,Liquid Fuel,2.567
21/06/2025 00:00,NSW,Solar,120416.67
21/06/2025 00:00,NSW,Wind,175828.192
21/06/2025 00:00,QLD,Battery,8264.039
21/06/2025 00:00,QLD,Biomass,7009.567
21/06/2025 00:00,QLD,Black coal,849646.923
21/06/2025 00:00,QLD,Gas,71840.518
21/06/2025 00:00,QLD,Hydro,31959.327
21/06/2025 00:00,QLD,Liquid Fuel,630.29
21/06/2025 00:00,QLD,Solar,100810.621
21/06/2025 00:00,QLD,Wind,135184.212
21/06/2025 00:00,SA,Battery,8172.8
21/06/2025 00:00,SA,Gas,104327.067
21/06/2025 00:00,SA,Liquid Fuel,3319.036
21/06/2025 00:00,SA,Solar,9660.103
21/06/2025 00:00,SA,Wind,165719.4
21/06/2025 00:00,TAS,Gas,5082.549
21/06/2025 00:00,TAS,Hydro,136311.486
21/06/2025 00:00,TAS,Wind,35289.551
21/06/2025 00:00,VIC,Battery,9861.109
21/06/2025 00:00,VIC,Brown coal,624167.917
21/06/2025 00:00,VIC,Gas,91368.892
21/06/2025 00:00,VIC,Hydro,34366.396
21/06/2025 00:00,VIC,Solar,26920.376
21/06/2025 00:00,VIC,Wind,345065.64
28/06/2025 00:00,NSW,Battery,6563.6
28/06/2025 00:00,NSW,Biomass,3433.996
28/06/2025 00:00,NSW,Black coal,1036738.062
28/06/2025 00:00,NSW,Gas,68441.713
28/06/2025 00:00,NSW,Hydro,66093.577
28/06/2025 00:00,NSW,Liquid Fuel,3.342
28/06/2025 00:00,NSW,Solar,112068.665
28/06/2025 00:00,NSW,Wind,134688.467
28/06/2025 00:00,QLD,Battery,10224.443
28/06/2025 00:00,QLD,Biomass,7242.183
28/06/2025 00:00,QLD,Black coal,831938.842
28/06/2025 00:00,QLD,Gas,110935.22
28/06/2025 00:00,QLD,Hydro,31984.733
28/06/2025 00:00,QLD,Liquid Fuel,723.002
28/06/2025 00:00,QLD,Solar,96333.601
28/06/2025 00:00,QLD,Wind,132196.209
28/06/2025 00:00,SA,Battery,7755.676
28/06/2025 00:00,SA,Gas,139650.638
28/06/2025 00:00,SA,Liquid Fuel,8096.586
28/06/2025 00:00,SA,Solar,13965.032
28/06/2025 00:00,SA,Wind,112655.778
28/06/2025 00:00,TAS,Gas,9781.903
28/06/2025 00:00,TAS,Hydro,170169.203
28/06/2025 00:00,TAS,Wind,16922.787
28/06/2025 00:00,VIC,Battery,11856.979
28/06/2025 00:00,VIC,Brown coal,711419.836
28/06/2025 00:00,VIC,Gas,99726.423
28/06/2025 00:00,VIC,Hydro,35019.359
28/06/2025 00:00,VIC,Solar,32457.27
28/06/2025 00:00,VIC,Wind,195523.406
05/07/2025 00:00,NSW,Battery,8201.497
05/07/2025 00:00,NSW,Biomass,5135.585
05/07/2025 00:00,NSW,Black coal,953943.815
05/07/2025 00:00,NSW,Gas,41129.44
05/07/2025 00:00,NSW,Hydro,39897.171
05/07/2025 00:00,NSW,Liquid Fuel,0
05/07/2025 00:00,NSW,Solar,100496.939
05/07/2025 00:00,NSW,Wind,231666.372
05/07/2025 00:00,QLD,Battery,9457.841
05/07/2025 00:00,QLD,Biomass,8384
05/07/2025 00:00,QLD,Black coal,831606.394
05/07/2025 00:00,QLD,Gas,51398.927
05/07/2025 00:00,QLD,Hydro,33804.592
05/07/2025 00:00,QLD,Liquid Fuel,0
05/07/2025 00:00,QLD,Solar,108572.308
05/07/2025 00:00,QLD,Wind,106740.482
05/07/2025 00:00,SA,Battery,9155.777
05/07/2025 00:00,SA,Gas,62146.101
05/07/2025 00:00,SA,Liquid Fuel,476.222
05/07/2025 00:00,SA,Solar,12800.844
05/07/2025 00:00,SA,Wind,206494.026
05/07/2025 00:00,TAS,Gas,6140.969
05/07/2025 00:00,TAS,Hydro,125672.223
05/07/2025 00:00,TAS,Wind,37604.559
05/07/2025 00:00,VIC,Battery,12971.5
05/07/2025 00:00,VIC,Brown coal,658541.583
05/07/2025 00:00,VIC,Gas,20485.277
05/07/2025 00:00,VIC,Hydro,14631.691
05/07/2025 00:00,VIC,Solar,22724.564
05/07/2025 00:00,VIC,Wind,380993.103
12/07/2025 00:00,NSW,Battery,8358.226
12/07/2025 00:00,NSW,Biomass,4001.336
12/07/2025 00:00,NSW,Black coal,1052565.246
12/07/2025 00:00,NSW,Gas,60153.042
12/07/2025 00:00,NSW,Hydro,47207.299
12/07/2025 00:00,NSW,Liquid Fuel,0
12/07/2025 00:00,NSW,Solar,119854.089
12/07/2025 00:00,NSW,Wind,131290.035
12/07/2025 00:00,QLD,Battery,11151.237
12/07/2025 00:00,QLD,Biomass,8366.225
12/07/2025 00:00,QLD,Black coal,846304.807
12/07/2025 00:00,QLD,Gas,90196.102
12/07/2025 00:00,QLD,Hydro,31328.121
12/07/2025 00:00,QLD,Liquid Fuel,494.263
12/07/2025 00:00,QLD,Solar,114549.056
12/07/2025 00:00,QLD,Wind,58048.285
12/07/2025 00:00,SA,Battery,8729.404
12/07/2025 00:00,SA,Gas,98787.417
12/07/2025 00:00,SA,Liquid Fuel,312.958
12/07/2025 00:00,SA,Solar,13886.23
12/07/2025 00:00,SA,Wind,134709.958
12/07/2025 00:00,TAS,Gas,817.945
12/07/2025 00:00,TAS,Hydro,140167.676
12/07/2025 00:00,TAS,Wind,57150.006
12/07/2025 00:00,VIC,Battery,11921.101
12/07/2025 00:00,VIC,Brown coal,666719.523
12/07/2025 00:00,VIC,Gas,34260.058
12/07/2025 00:00,VIC,Hydro,31750.562
12/07/2025 00:00,VIC,Solar,25041.002
12/07/2025 00:00,VIC,Wind,386198.533
19/07/2025 00:00,NSW,Battery,4775.881
19/07/2025 00:00,NSW,Biomass,6729.572
19/07/2025 00:00,NSW,Black coal,999731.908
19/07/2025 00:00,NSW,Gas,16078.793
19/07/2025 00:00,NSW,Hydro,27295.538
19/07/2025 00:00,NSW,Liquid Fuel,9.125
19/07/2025 00:00,NSW,Solar,114090.624
19/07/2025 00:00,NSW,Wind,202908.863
19/07/2025 00:00,QLD,Battery,8777.377
19/07/2025 00:00,QLD,Biomass,5116.083
19/07/2025 00:00,QLD,Black coal,816756.526
19/07/2025 00:00,QLD,Gas,71375.179
19/07/2025 00:00,QLD,Hydro,28661.08
19/07/2025 00:00,QLD,Liquid Fuel,0
19/07/2025 00:00,QLD,Solar,95037.448
19/07/2025 00:00,QLD,Wind,121838.859
19/07/2025 00:00,SA,Battery,8428.749
19/07/2025 00:00,SA,Gas,52108.689
19/07/2025 00:00,SA,Liquid Fuel,203.225
19/07/2025 00:00,SA,Solar,11645.003
19/07/2025 00:00,SA,Wind,228750.963
19/07/2025 00:00,TAS,Gas,38.1
19/07/2025 00:00,TAS,Hydro,170453.026
19/07/2025 00:00,TAS,Wind,42252.752
19/07/2025 00:00,VIC,Battery,8008.066
19/07/2025 00:00,VIC,Brown coal,657111.961
19/07/2025 00:00,VIC,Gas,8835.766
19/07/2025 00:00,VIC,Hydro,28720.584
19/07/2025 00:00,VIC,Solar,24817.603
19/07/2025 00:00,VIC,Wind,426192.807
26/07/2025 00:00,NSW,Battery,5311.15
26/07/2025 00:00,NSW,Biomass,4965.446
26/07/2025 00:00,NSW,Black coal,1039800.854
26/07/2025 00:00,NSW,Gas,56057.515
26/07/2025 00:00,NSW,Hydro,39447.032
26/07/2025 00:00,NSW,Liquid Fuel,1.008
26/07/2025 00:00,NSW,Solar,94044.501
26/07/2025 00:00,NSW,Wind,235786.224
26/07/2025 00:00,QLD,Battery,11481.685
26/07/2025 00:00,QLD,Biomass,4514.108
26/07/2025 00:00,QLD,Black coal,814946.756
26/07/2025 00:00,QLD,Gas,112227.119
26/07/2025 00:00,QLD,Hydro,29871.042
26/07/2025 00:00,QLD,Liquid Fuel,0
26/07/2025 00:00,QLD,Solar,106057.153
26/07/2025 00:00,QLD,Wind,81601.708
26/07/2025 00:00,SA,Battery,7942.238
26/07/2025 00:00,SA,Gas,123110.107
26/07/2025 00:00,SA,Liquid Fuel,2608.357
26/07/2025 00:00,SA,Solar,17005.364
26/07/2025 00:00,SA,Wind,98967.211
26/07/2025 00:00,TAS,Gas,1526.226
26/07/2025 00:00,TAS,Hydro,198795.255
26/07/2025 00:00,TAS,Wind,15358.441
26/07/2025 00:00,VIC,Battery,11259.186
26/07/2025 00:00,VIC,Brown coal,772156.367
26/07/2025 00:00,VIC,Gas,33901.102
26/07/2025 00:00,VIC,Hydro,66231.329
26/07/2025 00:00,VIC,Solar,37533.245
26/07/2025 00:00,VIC,Wind,182901.964
02/08/2025 00:00,NSW,Battery,5872.719
02/08/2025 00:00,NSW,Biomass,4419.109
02/08/2025 00:00,NSW,Black coal,910852.299
02/08/2025 00:00,NSW,Gas,59995.679
02/08/2025 00:00,NSW,Hydro,32382.821
02/08/2025 00:00,NSW,Liquid Fuel,0
02/08/2025 00:00,NSW,Solar,131801.991
02/08/2025 00:00,NSW,Wind,169417.091
02/08/2025 00:00,QLD,Battery,9634.489
02/08/2025 00:00,QLD,Biomass,6599.4
02/08/2025 00:00,QLD,Black coal,828486.323
02/08/2025 00:00,QLD,Gas,85773.528
02/08/2025 00:00,QLD,Hydro,28036.99
02/08/2025 00:00,QLD,Liquid Fuel,0
02/08/2025 00:00,QLD,Solar,114253.382
02/08/2025 00:00,QLD,Wind,92645.318
02/08/2025 00:00,SA,Battery,7292.709
02/08/2025 00:00,SA,Gas,86079.081
02/08/2025 00:00,SA,Liquid Fuel,705.045
02/08/2025 00:00,SA,Solar,16382.07
02/08/2025 00:00,SA,Wind,163267.167
02/08/2025 00:00,TAS,Gas,2997.395
02/08/2025 00:00,TAS,Hydro,140068.05
02/08/2025 00:00,TAS,Wind,37019.633
02/08/2025 00:00,VIC,Battery,11063.35
02/08/2025 00:00,VIC,Brown coal,647371.503
02/08/2025 00:00,VIC,Gas,27365.683
02/08/2025 00:00,VIC,Hydro,55834.618
02/08/2025 00:00,VIC,Solar,40019.268
02/08/2025 00:00,VIC,Wind,273060.407
09/08/2025 00:00,NSW,Battery,7263.755
09/08/2025 00:00,NSW,Biomass,3542.72
09/08/2025 00:00,NSW,Black coal,993279.998
09/08/2025 00:00,NSW,Gas,51094.909
09/08/2025 00:00,NSW,Hydro,47194.876
09/08/2025 00:00,NSW,Liquid Fuel,0
09/08/2025 00:00,NSW,Solar,133091.498
09/08/2025 00:00,NSW,Wind,114153.782
09/08/2025 00:00,QLD,Battery,10056.794
09/08/2025 00:00,QLD,Biomass,8693.025
09/08/2025 00:00,QLD,Black coal,827714.01
09/08/2025 00:00,QLD,Gas,87433.685
09/08/2025 00:00,QLD,Hydro,29815.744
09/08/2025 00:00,QLD,Liquid Fuel,0
09/08/2025 00:00,QLD,Solar,106757.068
09/08/2025 00:00,QLD,Wind,78532.241
09/08/2025 00:00,SA,Battery,7300.829
09/08/2025 00:00,SA,Gas,87932.648
09/08/2025 00:00,SA,Liquid Fuel,480.978
09/08/2025 00:00,SA,Solar,18964.838
09/08/2025 00:00,SA,Wind,147634.15
09/08/2025 00:00,TAS,Gas,22918.201
09/08/2025 00:00,TAS,Hydro,127903.161
09/08/2025 00:00,TAS,Wind,33219.071
09/08/2025 00:00,VIC,Battery,14431.462
09/08/2025 00:00,VIC,Brown coal,624490.883
09/08/2025 00:00,VIC,Gas,33030.381
09/08/2025 00:00,VIC,Hydro,51194.016
09/08/2025 00:00,VIC,Solar,38489.849
09/08/2025 00:00,VIC,Wind,246331.371
16/08/2025 00:00,NSW,Battery,7661.225
16/08/2025 00:00,NSW,Biomass,2382.26
16/08/2025 00:00,NSW,Black coal,979161.638
16/08/2025 00:00,NSW,Gas,52119.34
16/08/2025 00:00,NSW,Hydro,67113.092
16/08/2025 00:00,NSW,Liquid Fuel,0
16/08/2025 00:00,NSW,Solar,120990.681
16/08/2025 00:00,NSW,Wind,154564.934
16/08/2025 00:00,QLD,Battery,11376.389
16/08/2025 00:00,QLD,Biomass,8888.783
16/08/2025 00:00,QLD,Black coal,820117.586
16/08/2025 00:00,QLD,Gas,117190.624
16/08/2025 00:00,QLD,Hydro,28953.699
16/08/2025 00:00,QLD,Liquid Fuel,230.583
16/08/2025 00:00,QLD,Solar,102163.007
16/08/2025 00:00,QLD,Wind,104425.585
16/08/2025 00:00,SA,Battery,7890.473
16/08/2025 00:00,SA,Gas,95138.155
16/08/2025 00:00,SA,Liquid Fuel,1375.623
16/08/2025 00:00,SA,Solar,22404.706
16/08/2025 00:00,SA,Wind,150841.986
16/08/2025 00:00,TAS,Gas,33857.511
16/08/2025 00:00,TAS,Hydro,141230.996
16/08/2025 00:00,TAS,Wind,26161.546
16/08/2025 00:00,VIC,Battery,14943.519
16/08/2025 00:00,VIC,Brown coal,643010.122
16/08/2025 00:00,VIC,Gas,60591.223
16/08/2025 00:00,VIC,Hydro,37504.936
16/08/2025 00:00,VIC,Solar,45920.699
16/08/2025 00:00,VIC,Wind,166431.152
23/08/2025 00:00,NSW,Battery,7790.301
23/08/2025 00:00,NSW,Biomass,2887.832
23/08/2025 00:00,NSW,Black coal,649890.392
23/08/2025 00:00,NSW,Gas,23236.104
23/08/2025 00:00,NSW,Hydro,37714.951
23/08/2025 00:00,NSW,Liquid Fuel,0
23/08/2025 00:00,NSW,Solar,106894.377
23/08/2025 00:00,NSW,Wind,183489.437
23/08/2025 00:00,QLD,Battery,7845.614
23/08/2025 00:00,QLD,Biomass,6384.567
23/08/2025 00:00,QLD,Black coal,650048.276
23/08/2025 00:00,QLD,Gas,65749.252
23/08/2025 00:00,QLD,Hydro,23313.309
23/08/2025 00:00,QLD,Liquid Fuel,146.249
23/08/2025 00:00,QLD,Solar,97599.388
23/08/2025 00:00,QLD,Wind,55152.157
23/08/2025 00:00,SA,Battery,3878.546
23/08/2025 00:00,SA,Gas,22390.432
23/08/2025 00:00,SA,Liquid Fuel,36.737
23/08/2025 00:00,SA,Solar,7892.355
23/08/2025 00:00,SA,Wind,212113.383
23/08/2025 00:00,TAS,Gas,16760.952
23/08/2025 00:00,TAS,Hydro,113852.663
23/08/2025 00:00,TAS,Wind,40417.073
23/08/2025 00:00,VIC,Battery,9125.233
23/08/2025 00:00,VIC,Brown coal,475415.047
23/08/2025 00:00,VIC,Gas,6902.742
23/08/2025 00:00,VIC,Hydro,9662.809
23/08/2025 00:00,VIC,Solar,25447.056
23/08/2025 00:00,VIC,Wind,360912.04